{"1": {"\u03b2[0]": 0.4110408667130986, "\u03b3[0]": 0.2999210051778645}, "2": {"\u03b2[0]": 0.347067614803036, "\u03b2[1]": 0.22604244959804617, "\u03b3[0]": 0.07078497665814291, "\u03b3[1]": 0.4341207194219413}}